name,images
Aaron_Peirsol,4
Aaron_Sorkin,2
Abdel_Nasser_Assidi,2
Abdoulaye_Wade,4
Abdullah,4
Abdullah_Gul,19
Abdullah_al-Attiyah,3
Abdullatif_Sener,2
Abel_Pacheco,4
Abid_Hamid_Mahmud_Al-Tikriti,3
Adam_Sandler,4
Adam_Scott,2
Adel_Al-Jubeir,3
Adolfo_Aguilar_Zinser,3
Adolfo_Rodriguez_Saa,2
Adrian_McPherson,2
Adrian_Nastase,2
Adrien_Brody,12
Ahmad_Masood,2
Ahmed_Chalabi,5
Ahmet_Necdet_Sezer,2
Ai_Sugiyama,5
Aicha_El_Ouafi,3
Aitor_Gonzalez,2
Akbar_Hashemi_Rafsanjani,3
Akhmed_Zakayev,3
Al_Davis,2
Al_Gore,8
Al_Pacino,3
Al_Sharpton,7
Alan_Ball,2
Alan_Greenspan,5
Alan_Mulally,2
Alastair_Campbell,5
Albert_Costa,6
Alberto_Fujimori,2
Alberto_Ruiz_Gallardon,2
Albrecht_Mentz,2
Aldo_Paredes,2
Alec_Baldwin,4
Alejandro_Atchugarry,2
Alejandro_Avila,3
Alejandro_Toledo,39
Aleksander_Kwasniewski,4
Alex_Barros,2
Alex_Penelas,2
Alex_Sink,3
Alexander_Downer,4
Alexander_Losyukov,4
Alexander_Rumyantsev,2
Alexandra_Stevenson,3
Alexandra_Vodjanikova,2
Ali_Abbas,2
Ali_Khamenei,3
Ali_Naimi,8
Alice_Fisher,2
Alicia_Silverstone,2
Alimzhan_Tokhtakhounov,2
Alison_Lohman,2
Allen_Iverson,2
Allison_Janney,2
Allyson_Felix,5
Alvaro_Noboa,3
Alvaro_Silva_Calderon,4
Alvaro_Uribe,35
Amanda_Beard,2
Amanda_Bynes,4
Amanda_Coetzer,2
Amber_Tamblyn,2
Amelia_Vega,7
Amelie_Mauresmo,21
Amer_al-Saadi,4
Amram_Mitzna,2
Ana_Guevara,7
Ana_Palacio,8
Anastasia_Myskina,3
Anders_Ebbeson,3
Anders_Fogh_Rasmussen,4
Andre_Agassi,36
Andrei_Mikhnevich,2
Andrew_Bunner,2
Andrew_Cuomo,2
Andrew_Niccol,2
Andrew_Weissmann,3
Andy_Hebb,2
Andy_Roddick,15
Angela_Bassett,6
Angela_Lansbury,2
Angela_Merkel,5
Angelina_Jolie,20
Angelo_Reyes,4
Anibal_Ibarra,3
Ann_Veneman,11
Anna_Kournikova,12
Anna_Nicole_Smith,2
Anne_Krueger,3
Anne_McLellan,3
Anneli_Jaatteenmaki,2
Annette_Bening,2
Annette_Lu,3
Anthony_Fauci,2
Anthony_Hopkins,2
Anthony_LaPaglia,2
Antonio_Banderas,5
Antonio_Palocci,8
Antonio_Trillanes,3
Antony_Leung,4
Anwar_Ibrahim,2
Arantxa_Sanchez-Vicario,2
Ari_Fleischer,13
Arianna_Huffington,4
Ariel_Sharon,77
Arlen_Specter,3
Arminio_Fraga,6
Arnaud_Clement,2
Arnold_Palmer,3
Arnold_Schwarzenegger,42
Arnoldo_Aleman,5
Aron_Ralston,2
Arsinee_Khanjian,2
Art_Hoffmann,2
Art_Howe,4
Arturo_Gatti,3
Arye_Mekel,2
Asa_Hutchinson,2
Ashanti,5
Ashton_Kutcher,3
Atal_Bihari_Vajpayee,24
Augustin_Calleri,4
Augusto_Pinochet,2
Augusto_Roa_Bastos,2
Aung_San_Suu_Kyi,2
Azra_Akin,4
Barbara_Brezigar,2
Barbara_Walters,4
Barbra_Streisand,3
Barrett_Jackman,2
Barry_Alvarez,2
Barry_Zito,2
Bashar_Assad,4
Begum_Khaleda_Zia,2
Ben_Affleck,7
Ben_Curtis,3
Ben_Glisan,2
Ben_Howland,4
Benazir_Bhutto,5
Benjamin_Netanyahu,5
Bernard_Landry,4
Bernard_Law,5
Bernard_Lord,2
Bernardo_Segura,2
Bertie_Ahern,5
Bertrand_Bonello,2
Beth_Jones,2
Betsy_Smith,2
Bijan_Darvish,3
Bijan_Namdar_Zangeneh,2
Biljana_Plavsic,3
Bill_Belichick,2
Bill_Callahan,3
Bill_Clinton,29
Bill_Frist,9
Bill_Gates,17
Bill_Graham,9
Bill_McBride,10
Bill_Nelson,2
Bill_Parcells,2
Bill_Paxton,4
Bill_Simon,15
Bill_Sizemore,2
Billy_Crystal,6
Billy_Graham,2
Billy_Sollie,2
Binyamin_Ben-Eliezer,7
Blythe_Danner,2
Blythe_Hartley,2
Bo_Pelini,2
Bo_Ryan,2
Bob_Beauprez,2
Bob_Colvin,2
Bob_Dole,3
Bob_Geldof,2
Bob_Graham,6
Bob_Hope,8
Bob_Huggins,4
Bob_Stoops,7
Bobby_Goldwater,2
Bobby_Robson,2
Bode_Miller,2
Bono,3
Boris_Becker,6
Boris_Berezovsky,2
Boris_Yeltsin,2
Brad_Garrett,4
Brad_Johnson,5
Branko_Crvenkovski,3
Brendan_Hansen,2
Brian_Cowen,2
Brian_Griese,2
Brian_Heidik,2
Brian_Mulroney,2
Brian_Wells,2
Bridget_Fonda,3
Bridgette_Wilson-Sampras,3
Brigitte_Boisselier,2
Britney_Spears,14
Brooke_Shields,2
Bruce_Springsteen,4
Bruce_Van_De_Velde,2
Bruce_Weber,2
Bud_Selig,4
Bulent_Ecevit,6
Butch_Davis,2
Byron_Scott,2
Calista_Flockhart,6
Cameron_Diaz,6
Camilla_Parker_Bowles,2
Candice_Bergen,3
Candie_Kung,4
Carl_Reiner,2
Carla_Del_Ponte,5
Carla_Myers,2
Carlo_Ancelotti,3
Carlos_Bianchi,2
Carlos_Ghosn,2
Carlos_Manuel_Pruneda,3
Carlos_Menem,21
Carlos_Mesa,2
Carlos_Moya,19
Carlos_Ortega,3
Carlos_Quintanilla_Schmidt,2
Carlos_Ruiz,3
Carlos_Vives,4
Carly_Fiorina,3
Carmen_Electra,6
Carol_Burnett,2
Carol_Moseley_Braun,2
Carolina_Kluft,3
Carolina_Moraes,2
Caroline_Kennedy,3
Carolyn_Dawn_Johnson,3
Carrie-Anne_Moss,5
Carson_Daly,2
Carson_Palmer,4
Cate_Blanchett,4
Catherine_Deneuve,5
Catherine_Zeta-Jones,11
Cathy_Freeman,2
Cecilia_Bolocco,3
Celine_Dion,8
Celso_Amorim,2
Cesar_Gaviria,8
Cesar_Maia,2
Chakib_Khelil,2
Chan_Gailey,3
Chanda_Rubin,5
Chang_Dae-whan,2
Charles_Bronson,3
Charles_Grassley,2
Charles_Kartman,2
Charles_Mathews,2
Charles_Moose,13
Charles_Schumer,2
Charles_Taylor,9
Charlie_Zaa,2
Charlotte_Rampling,2
Charlton_Heston,6
Chen_Liang_Yu,2
Chen_Shui-bian,5
Cherie_Blair,4
Chick_Hearn,3
Chita_Rivera,2
Choi_Sung-hong,5
Chok_Tong_Goh,2
Chris_Bell,2
Chris_Byrd,2
Chris_Cooper,2
Chris_Rock,2
Chris_Tucker,2
Christian_Fittipaldi,2
Christian_Longo,3
Christian_Wulff,2
Christina_Aguilera,4
Christine_Baumgartner,5
Christine_Ebersole,2
Christine_Gregoire,4
Christine_Todd_Whitman,6
Christopher_Patten,2
Christopher_Reeve,4
Christopher_Walken,4
Chuck_Amato,2
Chuck_Yeager,2
Chung_Mong-hun,2
Chung_Mong-joon,2
Cindy_Crawford,3
Cindy_Margolis,2
Ciro_Gomes,5
Claire_Danes,3
Claire_Hentzen,2
Claire_Leger,2
Clara_Harris,5
Clare_Short,4
Claudia_Pechstein,5
Claudia_Schiffer,3
Clay_Aiken,6
Clint_Eastwood,6
Colin_Farrell,9
Colin_Jackson,2
Colin_Montgomerie,5
Colin_Powell,236
Conan_OBrien,4
Conchita_Martinez,3
Condoleezza_Rice,11
Constance_Marie,3
Coretta_Scott_King,3
Corinne_Coman,2
Costas_Simitis,6
Courtney_Love,2
Cristina_Fernandez,2
Cristina_Saralegui,2
Cruz_Bustamante,5
Cyndi_Thompson,2
Dai_Bachtiar,2
Daisy_Fuentes,4
Dalai_Lama,2
Dale_Earnhardt_Jr,4
Damon_van_Dam,2
Dan_Morales,3
Dan_Wheldon,2
Daniel_Day-Lewis,3
Daniel_Radcliffe,4
Daniela_Hantuchova,2
Darrell_Issa,2
Darrell_Porter,2
Darren_Clarke,2
Daryl_Hannah,2
Dave_Campo,3
David_Anderson,5
David_Beckham,31
David_Bell,2
David_Caraway,2
David_Caruso,3
David_Coulthard,2
David_Dodge,2
David_Heyman,2
David_Heymann,5
David_Hyde_Pierce,4
David_Kelley,2
David_Leahy,2
David_Myers,2
David_Nalbandian,14
David_Spade,2
David_Stern,4
David_Trimble,5
David_Wells,7
David_Wolf,2
Dean_Barkley,4
Debbie_Reynolds,4
Debra_Brown,2
Debra_Messing,3
Demetrius_Ferraciu,2
Demi_Moore,4
Denise_Johnson,2
Dennis_Erickson,2
Dennis_Hastert,6
Dennis_Kozlowski,2
Dennis_Kucinich,7
Dennis_Powell,2
Denzel_Washington,5
Derek_Jeter,4
Derek_Lowe,2
Desiree_Lemosi,2
Dexter_Jackson,2
Diana_Krall,6
Diana_Munz,3
Diana_Taurasi,2
Diane_Green,2
Dianne_Feinstein,3
Dick_Cheney,14
Dick_Clark,3
Dick_Latessa,2
Dick_Vermeil,2
Dino_de_Laurentis,2
Dolly_Parton,2
Dolma_Tsering,2
Dominik_Garcia-Lorido,2
Dominique_de_Villepin,15
Don_Nickles,2
Don_Siegelman,4
Donald_Evans,2
Donald_Fehr,4
Donald_Pettit,3
Donald_Rumsfeld,121
Donatella_Versace,3
Donna_Shalala,2
Doris_Roberts,3
Doris_Schroeder,4
Dorthy_Moxley,2
Doug_Collins,2
Doug_Duncan,2
Doug_Melvin,3
Drew_Barrymore,2
Duane_Lee_Chapman,2
Dwayne_Johnson,2
Ed_Rosenthal,3
Ed_Smart,3
Eddie_Sutton,2
Eddy_Merckx,2
Edie_Falco,2
Edmund_Hillary,3
Edmund_Stoiber,13
Eduard_Shevardnadze,5
Eduardo_Duhalde,14
Edward_James_Olmos,2
Edward_Kennedy,3
Edward_Lu,6
Edward_Norton,2
Edward_Said,2
Edwin_Edwards,3
Edwina_Currie,4
Eileen_Coparropa,3
Elena_Bovina,3
Eliane_Karp,4
Elijah_Wood,3
Elin_Nordegren,2
Elinor_Caplan,2
Elisabeth_Schumacher,2
Elizabeth_Dole,4
Elizabeth_Hurley,5
Elizabeth_Shue,2
Elizabeth_Smart,5
Elizabeth_Taylor,2
Ellen_DeGeneres,2
Ellen_Engleman,2
Elsa_Zylberstein,6
Elton_John,7
Elvis_Presley,2
Emanuel_Ginobili,5
Emile_Lahoud,2
Emily_Robison,2
Emma_Thompson,3
Emma_Watson,5
Emmanuelle_Beart,3
Emmit_Smith,2
Enrique_Bolanos,5
Eric_Clapton,2
Eric_Hinske,2
Eric_Robert_Rudolph,3
Eric_Rosser,2
Erik_Morales,3
Erika_Christensen,2
Erika_Harold,5
Erin_Runnion,4
Ernesto_Zedillo,2
Ernie_Els,4
Ernie_Eves,2
Ernie_Fletcher,2
Ethan_Hawke,4
Eunice_Barber,2
Eva_Dimas,2
Evan_Rachel_Wood,3
Evander_Holyfield,2
Eve_Pelletier,2
Fabiola_Zuluaga,2
Fabrice_Santoro,3
Farouk_al-Sharaa,3
Faye_Dunaway,3
Fayssal_Mekdad,4
Federico_Trillo,3
Felipe_Perez_Roque,4
Felix_Mantilla,2
Ferenc_Madl,2
Fernando_Gonzalez,9
Fernando_Henrique_Cardoso,8
Fernando_Vargas,4
Fidel_Castro,18
Filippo_Inzaghi,3
Flavia_Delaroli,2
Flor_Montulo,2
Fran_Drescher,2
Frances_Fisher,2
Francis_Ford_Coppola,2
Francis_George,2
Francis_Mer,2
Francisco_Flores,4
Franco_Dragone,2
Frank_Cassell,3
Frank_Dunham_Jr,2
Frank_Griswold,2
Frank_Lautenberg,2
Frank_Solich,5
Frank_Stallone,2
Franko_Simatovic,2
Franz_Beckenbauer,2
Franz_Fischler,4
Franz_Muentefering,4
Fred_Eckhard,3
Fred_Funk,2
Fred_Thompson,3
Freddy_Garcia,2
Fujio_Cho,6
GL_Peiris,4
Gabriel_Batistuta,2
Gabriel_Valdes,2
Gao_Qiang,2
Garry_Kasparov,2
Garry_Trudeau,2
Gary_Bergeron,2
Gary_Carter,3
Gary_Doer,3
Gary_Forsee,2
Gary_Locke,2
Gary_Williams,2
Gary_Winnick,2
Gene_Robinson,5
Geno_Auriemma,2
Geoff_Hoon,7
George_Brumley,2
George_Clooney,9
George_Foreman,2
George_Galloway,4
George_HW_Bush,13
George_Karl,2
George_Lopez,5
George_P_Bush,2
George_Papandreou,4
George_Pataki,5
George_Robertson,22
George_Roy_Hill,2
George_Ryan,4
George_Tenet,2
George_Voinovich,3
George_W_Bush,530
Georgi_Parvanov,2
Geraldine_Chaplin,4
Gerard_Depardieu,2
Gerardo_Gambala,2
Gerhard_Schroeder,109
Gerry_Adams,8
Gerry_Parsky,2
Gian_Marco,3
Gianna_Angelopoulos-Daskalaki,3
Gil_de_Ferran,5
Gilberto_Rodriguez_Orejuela,4
Gillian_Anderson,2
Gisele_Bundchen,2
Giuseppe_Gibilisco,4
Glafcos_Clerides,4
Gloria_Allred,2
Gloria_Macapagal_Arroyo,44
Gloria_Trevi,4
Goh_Kun,2
Goldie_Hawn,7
Gonzalo_Sanchez_de_Lozada,12
Goran_Persson,2
Gordon_Brown,13
Gordon_Campbell,2
Grady_Irvin_Jr,2
Grant_Hackett,5
Gray_Davis,26
Greg_Gilbert,2
Greg_Ostertag,2
Greg_Owen,2
Greg_Rusedski,4
Gregg_Popovich,5
Gregory_Geoffroy,2
Gregory_Hines,2
Gro_Harlem_Brundtland,2
Guido_Westerwelle,2
Guillaume_Soro,2
Guillermo_Canas,4
Guillermo_Coria,30
Guillermo_Ortiz,2
Gunter_Pleuger,7
Gus_Van_Sant,3
Gustavo_Kuerten,3
Guy_Hemmings,2
Guy_Ritchie,2
Gwendal_Peizerat,3
Gwyneth_Paltrow,6
Habib_Rizieq,5
Hal_Gehman,5
Hal_Sutton,2
Halle_Berry,16
Hamid_Karzai,22
Hamzah_Haz,2
Hanan_Ashrawi,2
Hannah_Stockbauer,2
Hans_Blix,39
Hans_Eichel,3
Harbhajan_Singh,2
Harrison_Ford,12
Harry_Belafonte,2
Harry_Kalas,2
Harry_Schmidt,4
Harvey_Weinstein,2
Hashim_Thaci,2
Hassan_Nasrallah,2
Hassan_Wirajuda,2
Hayley_Tullett,2
Heath_Ledger,4
Heather_Mills,4
Hector_Babenco,3
Hee-Won_Han,3
Heidi_Fleiss,4
Heidi_Klum,5
Heinz_Feldmann,3
Heizo_Takenaka,9
Helen_Clark,4
Henrique_Meirelles,2
Herb_Sendek,4
Hermann_Maier,2
Herta_Daeubler-Gmelin,2
Hichiro_Naemura,2
Hideki_Matsui,2
Hilary_Duff,3
Hillary_Clinton,14
Hilmi_Ozkok,2
Hipolito_Mejia,4
Hisao_Oguchi,2
Hitomi_Soga,5
Holly_Hunter,7
Hootie_Johnson,2
Horst_Koehler,3
Hosni_Mubarak,9
Howard_Dean,12
Howard_Schultz,2
Howard_Smith,2
Hu_Jintao,15
Hugh_Grant,9
Hugo_Chavez,71
Hun_Sen,4
Iain_Duncan_Smith,4
Ian_McKellen,3
Ian_Thorpe,10
Iban_Mayo,2
Ibrahim_Jaafari,2
Igor_Ivanov,20
Ilan_Ramon,3
Imad_Moustapha,2
Inam-ul-Haq,2
Inocencio_Arias,2
Intisar_Ajouri,3
Isabella_Rossellini,3
Isabelle_Huppert,2
Isaiah_Washington,2
Ishaq_Shahryar,2
Ismail_Merchant,2
Iva_Majoli,2
JJ_Redick,2
JK_Rowling,6
Jack_Grubman,2
Jack_Nicholson,3
Jack_Straw,28
Jackie_Chan,13
Jacqueline_Obradors,2
Jacques_Chirac,52
Jacques_Rogge,10
Jada_Pinkett_Smith,2
Jake_Gyllenhaal,5
James_Blake,14
James_Butts,2
James_Caan,3
James_Cameron,3
James_Cunningham,3
James_Franco,2
James_Gandolfini,3
James_Ivory,2
James_Jones,2
James_Kelly,11
James_Kopp,4
James_Maguire,2
James_McGreevey,4
James_Morris,2
James_Parker,2
James_Schultz,2
James_Smith,2
James_Traficant,3
James_Wolfensohn,5
Jamie_Villafane,2
Jamling_Norgay,2
Jan-Michael_Gambill,3
Jan_Ullrich,6
Jane_Fonda,2
Jane_Kaczmarek,2
Jane_Pauley,2
Janet_Napolitano,4
Janet_Thorpe,2
Janica_Kostelic,2
Jason_Alexander,2
Jason_Jennings,2
Jason_Kidd,10
Jason_Lezak,2
Javier_Solana,10
Javier_Weber,3
Jay_Garner,6
Jay_Leno,3
Jay_Rasulo,2
Jayson_Williams,3
Jean-Claude_Braquet,2
Jean-Claude_Juncker,2
Jean-Claude_Trichet,2
Jean-David_Levitte,10
Jean-Francois_Pontal,3
Jean-Marc_de_La_Sabliere,2
Jean-Pierre_Raffarin,7
Jean-Sebastien_Giguere,2
Jean_Brumley,2
Jean_Carnahan,2
Jean_Charest,17
Jean_Chretien,55
Jeanne_Moreau,2
Jeb_Bush,12
Jeff_Van_Gundy,3
Jefferson_Perez,2
Jeffrey_Archer,2
Jeffrey_Immelt,2
Jeffrey_Jones,2
Jeffrey_Scott_Postell,2
Jelena_Dokic,8
Jennifer_Aniston,21
Jennifer_Capriati,42
Jennifer_Connelly,4
Jennifer_Garner,12
Jennifer_Keller,4
Jennifer_Lopez,21
Jennifer_Reilly,2
Jennifer_Rodriguez,2
Jennifer_Thompson,2
Jeong_Se-hyun,9
Jeremy_Greenstock,24
Jeremy_Shockey,2
Jerry_Falwell,2
Jerry_Regier,4
Jerry_Springer,4
Jesse_Harris,3
Jesse_Jackson,9
Jesse_James_Leija,2
Jesse_Ventura,3
Jessica_Alba,2
Jessica_Lange,2
Jessica_Lynch,2
Jia_Qinglin,2
Jiang_Zemin,20
Jim_Carrey,3
Jim_Edmonds,2
Jim_Furyk,6
Jim_Hahn,4
Jim_Harrick,2
Jim_OBrien,3
Jim_Tressel,4
Jimmy_Carter,9
Jimmy_Kimmel,2
Jiri_Novak,11
Jo_Dee_Messina,2
Joan_Claybrook,2
Joan_Laporta,9
Job_Cohen,2
Jodie_Foster,3
Joe_Calzaghe,2
Joe_Dumars,2
Joe_Gatti,2
Joe_Lieberman,13
Joe_Mantello,2
Joe_Nichols,4
Joe_Torre,4
Joerg_Haider,2
John_Abizaid,9
John_Allen_Muhammad,11
John_Ashcroft,53
John_Banko,2
John_Blaney,2
John_Bolton,17
John_Brady,2
John_Cusack,2
John_Edwards,8
John_F_Kennedy_Jr,2
John_Garamendi,2
John_Howard,19
John_Jumper,2
John_Kerry,17
John_Malkovich,3
John_Manley,7
John_Mayer,3
John_McCain,7
John_McCallum,2
John_McCormack,2
John_McEnroe,2
John_Negroponte,31
John_Paul_II,11
John_Reid,3
John_Reilly,2
John_Rigas,2
John_Rosa,3
John_Rowland,2
John_Ruiz,2
John_Snow,17
John_Spencer,2
John_Stallworth,2
John_Stockton,5
John_Swofford,3
John_Taylor,2
John_Timoney,2
John_Travolta,7
John_Walsh,2
John_Warner,4
John_Wolf,2
Johnny_Carson,2
Johnny_Depp,2
Johnny_Tapia,3
Johnny_Unitas,2
Johnson_Panjaitan,2
Jolanta_Kwasniewski,2
Jon_Corzine,3
Jon_Gruden,7
Jon_Voight,3
Jonathan_Edwards,8
Jonathan_Mostow,2
Jong_Thae_Hwa,2
Jong_Wook_Lee,4
Jorge_Arce,2
Jorge_Batlle,3
Jorge_Castaneda,2
Jorge_Rodolfo_Canicoba_Corral,2
Jorge_Valdano,2
Joschka_Fischer,19
Jose_Canseco,3
Jose_Dirceu,2
Jose_Manuel_Durao_Barroso,6
Jose_Maria_Aznar,23
Jose_Mourinho,2
Jose_Sarney,3
Jose_Serra,9
Jose_Theodore,2
Jose_Viegas_Filho,2
Joseph_Biden,5
Joseph_Blatter,2
Joseph_Deiss,3
Joseph_Estrada,4
Joseph_Ralston,2
Juan_Carlos_Ferrero,28
Juan_Ignacio_Chela,3
Juan_Manuel_Marquez,3
Juan_Pablo_Montoya,8
Juan_Valencia_Osorio,2
Juanes,3
Jude_Law,2
Judi_Dench,2
Judy_Genshaft,2
Juergen_Peters,2
Julia_Tymoshenko,3
Julianna_Margulies,2
Julianne_Moore,19
Julie_Gerberding,15
Julie_Taymor,2
Julio_Iglesias_Jr,2
Junichiro_Koizumi,60
Justin_Gatlin,2
Justin_Guarini,3
Justin_Leonard,4
Justin_Timberlake,8
Justine_Henin,3
Justine_Pasek,7
Kalpana_Chawla,5
Kamal_Kharrazi,6
Karen_Mok,2
Karin_Stoiber,2
Kate_Capshaw,2
Kate_Hudson,9
Kate_Winslet,4
Katherine_Harris,4
Kathleen_Glynn,2
Kathleen_Kennedy_Townsend,4
Kathryn_Bigelow,2
Kathy_Winters,2
Katie_Harman,3
Keanu_Reeves,12
Keira_Knightley,2
Keith_Bogans,3
Kelli_White,2
Kelly_Clarkson,3
Kelvin_Sampson,3
Kemal_Dervis,3
Ken_Macha,3
Ken_Watanabe,2
Kenneth_Bowersox,3
Kenneth_Branagh,2
Kenneth_Evans,2
Kent_Rominger,2
Kevin_Costner,8
Kevin_Spacey,5
Kevin_Stallings,2
Kieran_Prendergast,2
Kifah_Ajouri,2
Kiki_Vandeweghe,2
Kim_Clijsters,14
Kim_Dae-jung,8
Kim_Jin-sun,2
Kim_Jong-Il,4
Kim_Ryong-sung,11
Kim_Yong-il,3
Kimi_Raikkonen,3
King_Abdullah_II,5
Kirk_Ferentz,2
Kirk_Johnson,3
Kjell_Magne_Bondevik,3
Klaus_Zwickel,2
Kobe_Bryant,3
Kofi_Annan,32
Kosuke_Kitajima,2
Kristanna_Loken,5
Kristen_Breitweiser,3
Kristin_Davis,3
Kurt_Busch,2
Kurt_Russell,2
Kurt_Warner,5
Kwon_Yang-sook,3
LK_Advani,3
Laila_Ali,3
Lana_Clarkson,2
Lance_Armstrong,18
Lance_Bass,5
Larry_Bowa,2
Larry_Brown,7
Larry_Coker,4
Larry_Ellison,3
Larry_Johnson,2
Larry_Lindsey,2
Larry_Lucchino,2
Larry_Thompson,4
Lars_Von_Trier,3
Latrell_Sprewell,2
Laura_Bush,41
Laura_Hernandez,2
Laura_Linney,4
Lauren_Hutton,2
Lauren_Killian,2
Laurent_Gbagbo,2
Laurent_Jalabert,2
Lawrence_MacAulay,2
LeAnn_Rimes,2
LeBron_James,5
Lea_Fastow,2
Leander_Paes,2
Lech_Walesa,2
Lee_Hoi-chang,4
Lee_Jun,2
Lee_Soo-hyuck,3
Lee_Tae-sik,2
Leland_Chapman,2
Len_Jenoff,2
Lennox_Lewis,3
Lenny_Wilkens,3
Leon_LaPorte,2
Leonard_Hamilton,2
Leonardo_DiCaprio,9
Leonid_Kuchma,6
Lesley_McCulloch,3
Leslie_Ann_Woodward,2
Leslie_Caldwell,3
Leslie_Moonves,2
Leszek_Miller,3
Li_Peng,9
Li_Zhaoxing,8
Liam_Neeson,3
Lili_Taylor,2
Lily_Tomlin,2
Lim_Dong-won,2
Lina_Krasnoroutskaya,2
Lindsay_Benko,2
Lindsay_Davenport,22
Lindsey_Graham,2
Lino_Oviedo,3
Lionel_Richie,2
Lisa_Gottsegen,2
Lisa_Ling,2
Lisa_Marie_Presley,4
Lisa_Raymond,2
Liu_Mingkang,2
Liza_Minnelli,7
Lleyton_Hewitt,41
Lloyd_Ward,2
Lon_Kruger,2
Lord_Hutton,2
Lou_Piniella,3
Luciano_Pavarotti,3
Lucio_Gutierrez,13
Lucy_Liu,5
Ludivine_Sagnier,5
Luis_Ernesto_Derbez_Bautista,6
Luis_Figo,4
Luis_Gonzalez_Macchi,5
Luis_Horna,6
Luiz_Felipe_Scolari,2
Luiz_Inacio_Lula_da_Silva,48
Luke_Walton,2
Lyle_Vanclief,2
Lynn_Abraham,2
Lynn_Redgrave,3
Lynne_Cheney,3
Mack_Brown,2
Madeleine_Albright,3
Madonna,5
Magdalena_Maleeva,3
Maggie_Smith,2
Magui_Serna,2
Mahathir_Mohamad,14
Mahmoud_Abbas,29
Makhdoom_Amin_Fahim,3
Manfred_Stolpe,2
Manuel_Poggiali,2
Marat_Safin,3
Marc-Andre_Fleury,2
Marc_Grossman,4
Marcelo_Ebrard,3
Marcelo_Rios,5
Marcelo_Salas,3
Marco_Antonio_Barrera,6
Marcus_Gronholm,2
Margaret_Thatcher,2
Maria_Luisa_Mendonca,2
Maria_Shriver,8
Maria_Soledad_Alvear_Valenzuela,5
Mariah_Carey,7
Mariana_Pollack,3
Mariangel_Ruiz_Torrealba,3
Marie-Reine_Le_Gougne,2
Marieta_Chrousala,3
Marilyn_Monroe,2
Marina_Anissina,2
Mario_Cipollini,2
Mario_Dumont,2
Mario_Kreutzberger,2
Marisa_Tomei,2
Marissa_Jaret_Winokur,2
Mark_Cuban,2
Mark_Dacey,2
Mark_Geragos,2
Mark_Gottfried,3
Mark_Hamister,2
Mark_Heller,2
Mark_Hurlbert,5
Mark_Philippoussis,11
Mark_Richt,3
Mark_Schweiker,2
Mark_Wahlberg,4
Mark_Warner,2
Markus_Naslund,2
Marlene_Weingartner,2
Martha_Beatriz_Roque,2
Martha_Bowen,2
Martha_Burk,4
Martha_Lucia_Ramirez,4
Martha_Stewart,5
Martin_Brodeur,2
Martin_Cauchon,2
Martin_Hoellwarth,2
Martin_McCauley,2
Martin_McGuinness,5
Martin_Scorsese,7
Martin_Sheen,2
Martin_Verkerk,3
Martina_Hingis,3
Martina_McBride,5
Marty_Mornhinweg,3
Marwan_Barghouthi,2
Mary-Kate_Olsen,3
Mary_Carey,4
Mary_Landrieu,3
Mary_Steenburgen,3
Mary_Tyler_Moore,2
Masahiko_Nagasawa,2
Masum_Turker,3
Mathias_Reichhold,3
Matt_Damon,4
Matt_Dillon,3
Matt_Doherty,3
Matthew_Broderick,4
Matthew_Perry,7
Maureen_Fanning,2
Max_Mayfield,2
Megan_Mullally,3
Megawati_Sukarnoputri,33
Meghann_Shaughnessy,2
Mel_Brooks,2
Mel_Gibson,2
Melanie_Griffith,3
Melissa_Etheridge,2
Meryl_Streep,15
Mesut_Yilmaz,2
Mian_Khursheed_Mehmood_Kasuri,4
Michael_Ballack,3
Michael_Bloomberg,20
Michael_Caine,4
Michael_Capellas,2
Michael_Chang,8
Michael_Chiklis,5
Michael_Douglas,6
Michael_J_Sheehan,2
Michael_Jackson,12
Michael_Jordan,4
Michael_Keaton,2
Michael_Kostelnik,2
Michael_Leavitt,2
Michael_Moore,3
Michael_Patrick_King,2
Michael_Phelps,5
Michael_Powell,5
Michael_Schumacher,18
Michael_Sullivan,2
Michael_Winterbottom,3
Michel_Duclos,2
Michel_Temer,2
Michel_Therrien,2
Michelle_Branch,2
Michelle_Collins,2
Michelle_Kwan,8
Michelle_Pfeiffer,3
Michelle_Rodriguez,2
Michelle_Yeoh,5
Mick_Jagger,5
Miguel_Contreras,2
Miguel_Estrada,2
Mike_Babcock,2
Mike_Brey,2
Mike_Helton,2
Mike_Holmgren,2
Mike_Krzyzewski,6
Mike_Martz,7
Mike_Miller,2
Mike_Montgomery,2
Mike_Myers,7
Mike_Price,2
Mike_Scioscia,2
Mike_Tyson,4
Mike_Weir,11
Mikhail_Gorbachev,2
Mikhail_Kasyanov,4
Mikhail_Wehbe,4
Mikhail_Youzhny,3
Mikulas_Dzurinda,2
Milo_Djukanovic,3
Milo_Maestrecampo,3
Minnie_Driver,2
Mireya_Moscoso,5
Miroljub,2
Mitchell_Daniels,4
Mitoji_Yabunaka,2
Miyako_Miyazaki,2
Mohamed_Benaissa,2
Mohamed_ElBaradei,8
Mohammad_Khatami,10
Mohammed_Al-Douri,15
Mohammed_Baqir_al-Hakim,3
Monica_Bellucci,4
Monica_Lewinsky,3
Monica_Seles,6
Monique_Garbrecht-Enfeldt,3
Morgan_Freeman,2
Moshe_Katsav,4
Muammar_Gaddafi,2
Muhammad_Ali,10
Muhammad_Saeed_al-Sahhaf,5
Mukesh_Ambani,3
Munir_Akram,2
Nabil_Shaath,3
Nadia_Petrova,5
Nadine_Vinzens,2
Naji_Sabri,8
Nan_Wang,4
Nancy_Demme,2
Nancy_Pelosi,15
Nancy_Reagan,2
Nancy_Sinatra,2
Nanni_Moretti,2
Naomi_Campbell,2
Naomi_Watts,22
Naoto_Kan,4
Nasser_al-Kidwa,2
Nastassia_Kinski,2
Natalie_Cole,3
Natalie_Coughlin,6
Natalie_Maines,5
Natasha_McElhone,3
Nathalie_Baye,4
Nathan_Lane,2
Nebojsa_Pavkovic,2
Nelson_Mandela,4
Neri_Marcore,2
Nestor_Kirchner,37
Nia_Vardalos,5
Nicanor_Duarte_Frutos,11
Nicholas_Byron,2
Nicholas_Tse,2
Nick_Nolte,5
Nicolas_Cage,4
Nicolas_Escude,2
Nicolas_Lapentti,2
Nicole_Kidman,19
Nikki_Reed,2
Noah_Wyle,3
Noelle_Bush,4
Nora_Bendijo,2
Norah_Jones,15
Norm_Coleman,7
Norman_Jewison,2
Norodom_Sihanouk,3
Nursultan_Nazarbayev,2
OJ_Simpson,2
Oleksandr_Moroz,2
Olesya_Bonabarenko,2
Olivia_Newton-John,2
Omar_Sharif,4
Oprah_Winfrey,4
Orlando_Bloom,3
Orrin_Hatch,2
Osama_bin_Laden,4
Oscar_De_La_Hoya,7
Oscar_Elias_Biscet,2
Oswaldo_Paya,5
Owen_Wilson,2
Oxana_Fedorova,4
Ozzy_Osbourne,3
Padraig_Harrington,4
Pamela_Anderson,5
Paradorn_Srichaphan,10
Paris_Hilton,2
Parris_Glendening,2
Pascal_Lamy,2
Pascal_Quignard,3
Pat_Burns,2
Pat_Cox,2
Patrice_Chereau,2
Patricia_Clarkson,4
Patricia_Heaton,2
Patrick_Ewing,2
Patrick_Leahy,2
Patrick_McEnroe,2
Patrick_Roy,2
Patrick_Stewart,2
Patti_Labelle,3
Patty_Schnyder,4
Paul-Henri_Mathieu,3
Paul_Bremer,20
Paul_Burrell,11
Paul_Byrd,2
Paul_Coppin,2
Paul_Gascoigne,3
Paul_Hogan,2
Paul_Kagame,2
Paul_Martin,8
Paul_McCartney,7
Paul_McNulty,2
Paul_ONeill,9
Paul_Patton,2
Paul_Pierce,2
Paul_Sarbanes,3
Paul_Shanley,3
Paul_Tagliabue,4
Paul_Wellstone,3
Paul_William_Hurley,2
Paul_Wolfowitz,10
Paula_Radcliffe,6
Paula_Zahn,2
Paulo_Cesar_Pinheiro,2
Pedro_Almodovar,7
Pedro_Malan,5
Pedro_Solbes,4
Penelope_Ann_Miller,2
Penelope_Cruz,3
Pervez_Musharraf,18
Pete_Carroll,3
Pete_Rose,2
Pete_Sampras,22
Peter_Arnett,3
Peter_Bacanovic,2
Peter_Costello,2
Peter_Greenaway,2
Peter_Harrison,2
Peter_Hillary,2
Peter_Struck,5
Petria_Thomas,3
Petro_Symonenko,2
Phan_Van_Khai,3
Phil_Gramm,2
Phil_Mickelson,2
Phil_Vassar,2
Philippe_Noiret,2
Pierce_Brosnan,15
Pierre_Boulanger,2
Pierre_Pettigrew,3
Placido_Domingo,3
Prince_Charles,5
Prince_Claus,4
Prince_Edward,2
Prince_Harry,3
Prince_Naruhito,3
Prince_Willem-Alexander,3
Prince_William,2
Princess_Aiko,2
Princess_Anne,2
Princess_Caroline,5
Princess_Elisabeth,2
Princess_Masako,2
Priscilla_Owen,2
Priscilla_Presley,2
Pupi_Avati,4
Queen_Beatrix,4
Queen_Elizabeth_II,13
Queen_Latifah,4
Queen_Rania,5
Rachel_Griffiths,3
Rachel_Hunter,4
Rafael_Ramirez,4
Raghad_Saddam_Hussein,2
Rainer_Schuettler,5
Ralf_Schumacher,8
Ralph_Firman,2
Ralph_Klein,2
Ralph_Lauren,2
Ranil_Wickremasinghe,3
Raoul_Ruiz,4
Raquel_Welch,2
Ray_Allen,3
Ray_Nagin,2
Ray_Romano,9
Raymond_Odierno,2
Rebecca_Romijn-Stamos,4
Rebekah_Chantay_Revels,4
Recep_Tayyip_Erdogan,30
Reese_Witherspoon,4
Reggie_Miller,2
Renee_Zellweger,17
Ricardo_Lagos,27
Ricardo_Lopez_Murphy,2
Ricardo_Maduro,2
Ricardo_Monasterio,2
Ricardo_Sanchez,6
Rich_Gannon,2
Richard_Armitage,9
Richard_Branson,2
Richard_Butler,2
Richard_Crenna,2
Richard_Gephardt,11
Richard_Gere,10
Richard_Haass,2
Richard_Krajicek,3
Richard_Myers,18
Richard_Norton-Taylor,2
Richard_Sambrook,2
Richard_Shelby,2
Richard_Virenque,8
Richie_Adubato,2
Rick_Barnes,3
Rick_Carlisle,4
Rick_Dinse,3
Rick_Perry,6
Rick_Pitino,4
Rick_Romley,3
Rick_Santorum,3
Rick_Stansbury,3
Rick_Wagoner,2
Ricky_Barnes,2
Ricky_Martin,2
Ricky_Ponting,2
Rio_Ferdinand,2
Rita_Grande,3
Rita_Moreno,2
Rita_Wilson,4
Rob_Lowe,4
Rob_Marshall,6
Rob_Schneider,2
Robbie_Fowler,2
Robbie_Williams,3
Robby_Ginepri,2
Robert_Blackwill,2
Robert_Blake,8
Robert_Bonner,3
Robert_Bullock,2
Robert_DeFraites,2
Robert_De_Niro,6
Robert_Duvall,8
Robert_Ehrlich,2
Robert_Evans,3
Robert_Fico,2
Robert_Horan,2
Robert_Kocharian,5
Robert_Mueller,5
Robert_Mugabe,2
Robert_Redford,8
Robert_Stack,2
Robert_Torricelli,3
Robert_Witt,2
Robert_Zoellick,7
Roberto_Benigni,2
Roberto_Carlos,4
Roberto_Marinho,3
Robin_Cook,2
Robin_McLaurin_Williams,2
Robinson_Stevenin,2
Rod_Blagojevich,2
Rod_Stewart,3
Rodrigo_Borja,2
Roger_Clemens,2
Roger_Federer,14
Roger_Moore,5
Rogerio_Romero,2
Roh_Moo-hyun,32
Rolandas_Paksas,2
Rolf_Eckrodt,2
Roman_Polanski,6
Romano_Prodi,7
Ron_Dittemore,8
Ron_Howard,2
Ronald_Reagan,3
Ronaldo_Luis_Nazario_de_Lima,4
Roseanne_Barr,3
Rosemarie_Stack,2
Roy_Jones_Jr,2
Roy_Moore,6
Roy_Williams,4
Ruben_Studdard,2
Rubens_Barrichello,12
Rudolph_Giuliani,26
Rupert_Grint,3
Rupert_Murdoch,2
Russell_Coutts,2
Russell_Crowe,2
Russell_Simmons,5
Ruth_Dreifuss,2
Ruth_Harlow,2
S_Jayakumar,2
Saburo_Kawabuchi,2
Sachiko_Yamada,4
Saddam_Hussein,23
Sadie_Frost,3
Saeb_Erekat,2
Sally_Field,4
Sally_Kirkland,4
Sally_Ride,2
Salma_Hayek,13
Salman_Rushdie,3
Sam_Bith,3
Sam_Mendes,2
Sam_Torrance,3
Samira_Makhmalbaf,2
Sammy_Sosa,2
Samuel_Waksal,4
Sandra_Bullock,4
Saparmurat_Niyazov,2
Sarah_Hughes,6
Sarah_Jessica_Parker,6
Sarah_Michelle_Gellar,3
Scott_McClellan,5
Scott_McNealy,2
Scott_Peterson,5
Scott_Ritter,2
Scott_Rudin,2
Scott_Sullivan,2
Scott_Wolf,2
Sean_Astin,3
Sean_Hayes,2
Sean_OKeefe,5
Sean_Patrick_OMalley,3
Sean_Penn,3
Sebastian_Saja,3
Sebastien_Grosjean,4
Sepp_Blatter,4
Serena_Williams,52
Sergei_Ivanov,5
Sergey_Lavrov,11
Sergio_Garcia,2
Sergio_Vieira_De_Mello,11
Shane_Mosley,2
Shane_Warne,2
Shannon_OBrien,2
Sharon_Davis,2
Sharon_Frey,2
Sharon_Osbourne,3
Sharon_Stone,5
Shaukat_Aziz,2
Shaul_Mofaz,3
Sheila_Copps,4
Sheila_Fraser,2
Sheila_Wellstone,2
Sheryl_Crow,8
Shia_LaBeouf,2
Shimon_Peres,8
Sila_Calderon,4
Silvan_Shalom,6
Silvia_Farina_Elia,3
Silvio_Berlusconi,33
Silvio_Fernandez,2
Simon_Cowell,2
Slobodan_Milosevic,4
Sonia_Gandhi,4
Sophia_Loren,7
Sourav_Ganguly,5
Spencer_Abraham,17
Stacy_Dragila,2
Stan_Heath,2
Stanley_McChrystal,3
Stanley_Tong,2
Stefano_Accorsi,2
Steffi_Graf,5
Stellan_Skarsgard,2
Stephen_Ambrose,2
Stephen_Daldry,2
Stephen_Friedman,2
Steve_Backley,2
Steve_Ballmer,3
Steve_Lavin,6
Steve_Mariucci,3
Steve_Nash,5
Steve_Park,2
Steve_Spurrier,2
Steve_Waugh,2
Steven_Hatfill,2
Steven_Seagal,2
Steven_Spielberg,7
Stockard_Channing,3
Strom_Thurmond,3
Sue_Wicks,2
Surakait_Sathirathai,2
Susan_Collins,2
Susan_Sarandon,6
Susie_Castillo,2
Susilo_Bambang_Yudhoyono,4
Suzanne_Gaudet,2
Svetlana_Koroleva,2
Sylvester_Stallone,9
Taha_Yassin_Ramadan,15
Takashi_Sorimachi,2
Tamara_Brooks,2
Tammy_Lynn_Michaels,2
Tang_Jiaxuan,11
Tariq_Aziz,6
Tassos_Papadopoulos,3
Taufik_Hidayat,3
Ted_Maher,2
Terje_Roed-Larsen,2
Terrell_Suggs,2
Terry_McAuliffe,3
Terry_Stotts,2
Thabo_Mbeki,5
Thaksin_Shinawatra,6
Theo_Epstein,2
Theodore_Tweed_Roosevelt,3
Theresa_May,3
Thierry_Falise,3
Thomas_Birmingham,2
Thomas_Bjorn,2
Thomas_Fargo,4
Thomas_Malchow,2
Thomas_OBrien,9
Thomas_Rupprath,3
Thomas_Wyman,2
Tiger_Woods,23
Tim_Allen,4
Tim_Chapman,2
Tim_Conway,3
Tim_Curry,2
Tim_Duncan,4
Tim_Floyd,2
Tim_Henman,19
Tim_Robbins,5
Tippi_Hedren,2
Todd_Haynes,4
Tom_Brady,2
Tom_Coverdale,2
Tom_Craddick,4
Tom_Crean,5
Tom_Cruise,10
Tom_Daschle,25
Tom_Glavine,2
Tom_Hanks,10
Tom_Harkin,5
Tom_Jones,2
Tom_Reilly,3
Tom_Ridge,33
Tom_Watson,3
Tommy_Franks,16
Tommy_Haas,6
Tommy_Robredo,3
Tommy_Thompson,10
Tomoko_Hagiwara,2
Toni_Braxton,3
Tony_Bennett,4
Tony_Blair,144
Tony_Curtis,2
Tony_Parker,2
Tony_Shalhoub,4
Tony_Stewart,6
Torri_Edwards,2
Toshihiko_Fukui,3
Tracee_Ellis_Ross,2
Tracy_McGrady,2
Trent_Lott,16
Tsutomu_Takebe,2
Tubby_Smith,3
Tung_Chee-hwa,9
Tyler_Hamilton,2
Tyra_Banks,2
Tyron_Garner,2
Uma_Thurman,3
Vaclav_Havel,9
Vaclav_Klaus,2
Valdas_Adamkus,2
Valentino_Rossi,6
Valerie_Harper,2
Valery_Giscard_dEstaing,6
Vanessa_Incontrada,4
Vanessa_Redgrave,5
Vanessa_Williams,3
Venus_Williams,17
Vicente_Fernandez,5
Vicente_Fox,32
Vicki_Zhao_Wei,2
Victoria_Beckham,3
Victoria_Clarke,5
Vidar_Helgesen,2
Vin_Diesel,2
Vince_Carter,4
Vince_Gill,2
Vincent_Brooks,7
Vincent_Gallo,3
Vitali_Klitschko,4
Vivica_Fox,2
Vladimir_Putin,49
Vladimir_Spidla,3
Vladimir_Voltchkov,2
Vladimiro_Montesinos,3
Vojislav_Kostunica,7
Walter_Mondale,10
Wang_Yi,2
Wang_Yingfan,3
Warren_Beatty,2
Warren_Buffett,3
Wayne_Ferreira,5
Wayne_Gretzky,4
Wen_Jiabao,13
Wesley_Clark,2
Will_Smith,2
William_Bratton,3
William_Bulger,4
William_Burns,2
William_Donaldson,7
William_Ford_Jr,7
William_Hochul,2
William_Macy,5
William_Martin,2
William_Rehnquist,2
Win_Aung,4
Winona_Ryder,24
Wolfgang_Schuessel,4
Woody_Allen,5
Wu_Yi,3
Xanana_Gusmao,5
Xavier_Malisse,5
Yann_Martel,2
Yao_Ming,8
Yasar_Yakis,4
Yashwant_Sinha,7
Yasser_Arafat,8
Yevgeny_Kafelnikov,4
Yoko_Ono,6
Yoriko_Kawaguchi,14
Yossi_Beilin,2
Yu_Shyi-kun,4
Yukiko_Okudo,2
Yuri_Fedotov,2
Yuri_Malenchenko,2
Zafarullah_Khan_Jamali,2
Zarai_Toledo,2
Zhang_Wenkang,2
Zhang_Ziyi,4
Zhu_Rongji,9
Zico,3
Zinedine_Zidane,6
Zoran_Djindjic,4
